image_0,pigeon
image_1,dolphin
image_2,butterfly
image_3,crocodile
image_4,panda
image_5,rooster
image_6,panda
image_7,butterfly
image_8,crocodile
image_9,crocodile
image_10,dolphin
image_11,pigeon
image_12,rooster
image_13,butterfly
image_14,crocodile
image_15,crocodile
image_16,pigeon
image_17,rooster
image_18,crocodile
image_19,crocodile
image_20,dolphin
image_21,crocodile
image_22,crocodile
image_23,pigeon
image_24,dolphin
image_25,butterfly
image_26,panda
image_27,butterfly
image_28,panda
image_29,butterfly
image_30,dolphin
image_31,dolphin
image_32,pigeon
image_33,panda
image_34,pigeon
image_35,crocodile
image_36,crocodile
image_37,panda
image_38,rooster
image_39,pigeon
image_40,butterfly
image_41,rooster
image_42,dolphin
image_43,panda
image_44,pigeon
image_45,panda
image_46,panda
image_47,butterfly
image_48,dolphin
image_49,crocodile
image_50,butterfly
image_51,crocodile
image_52,butterfly
image_53,crocodile
image_54,crocodile
image_55,butterfly
image_56,crocodile
image_57,butterfly
image_58,panda
image_59,butterfly
image_60,crocodile
image_61,crocodile
image_62,panda
image_63,pigeon
image_64,rooster
image_65,butterfly
image_66,dolphin
image_67,pigeon
image_68,butterfly
image_69,panda
image_70,crocodile
image_71,crocodile
image_72,butterfly
image_73,panda
image_74,crocodile
image_75,butterfly
image_76,dolphin
image_77,pigeon
image_78,rooster
image_79,crocodile
image_80,butterfly
image_81,crocodile
image_82,butterfly
image_83,dolphin
image_84,panda
image_85,panda
image_86,rooster
image_87,panda
image_88,crocodile
image_89,rooster
image_90,panda
image_91,crocodile
image_92,butterfly
image_93,rooster
image_94,pigeon
image_95,crocodile
image_96,butterfly
image_97,dolphin
image_98,dolphin
image_99,rooster
